sample_name,sequence,nacl_value,kcl_value,loop_core,loop_nt,category,seq_len,gc_content,a_count,t_count,c_count,g_count,g_tracts_ge3,max_g_run,label_NaCl,label_KCl
222AF,CGACGAGTAGGGAAGGGAAGGGAAGGGACTGATCGG,95.29,88.795,222,A,same_nucleotide,36.0,0.6111111111111112,11.0,3.0,4.0,18.0,4.0,3.0,mild,mild
111AF,CGACGAGTAGGGAGGGAGGGAGGGACTGATCGG,114.65,124.8,111,A,same_nucleotide,33.0,0.6666666666666666,8.0,3.0,4.0,18.0,4.0,3.0,mild,mild
333AF,CGACGAGTAGGGAAAGGGAAAGGGAAAGGGACTGATCGG,83.505,83.87,333,A,same_nucleotide,39.0,0.5641025641025641,14.0,3.0,4.0,18.0,4.0,3.0,mild,mild
444AF,CGACGAGTAGGGAAAAGGGAAAAGGGAAAAGGGACTGATCGG,124.95,113.345,444,A,same_nucleotide,42.0,0.5238095238095238,17.0,3.0,4.0,18.0,4.0,3.0,mild,mild
555AF,CGACGAGTAGGGAAAAAGGGAAAAAGGGAAAAAGGGACTGATCGG,79.215,82.36,555,A,same_nucleotide,45.0,0.4888888888888889,20.0,3.0,4.0,18.0,4.0,3.0,weak,mild
211AF,CGACGAGTAGGGAAGGGAGGGAGGGACTGATCGG,122.675,94.52,211,A,different_length_combo,34.0,0.6470588235294118,9.0,3.0,4.0,18.0,4.0,3.0,mild,mild
311AF,CGACGAGTAGGGAAAGGGAGGGAGGGACTGATCGG,145.8,116.15,311,A,different_length_combo,35.0,0.6285714285714286,10.0,3.0,4.0,18.0,4.0,3.0,strong,mild
411AF,CGACGAGTAGGGAAAAGGGAGGGAGGGACTGATCGG,175.75,158.95,411,A,different_length_combo,36.0,0.6111111111111112,11.0,3.0,4.0,18.0,4.0,3.0,strong,strong
511AF,CGACGAGTAGGGAAAAAGGGAGGGAGGGACTGATCGG,168.5,152.25,511,A,different_length_combo,37.0,0.5945945945945946,12.0,3.0,4.0,18.0,4.0,3.0,strong,strong
121AF,CGACGAGTAGGGAGGGAAGGGAGGGACTGATCGG,112.38,132.65,121,A,different_length_combo,34.0,0.6470588235294118,9.0,3.0,4.0,18.0,4.0,3.0,mild,mild
131AF,CGACGAGTAGGGAGGGAAAGGGAGGGACTGATCGG,111.105,105.9,131,A,different_length_combo,35.0,0.6285714285714286,10.0,3.0,4.0,18.0,4.0,3.0,mild,mild
141AF,CGACGAGTAGGGAGGGAAAAGGGAGGGACTGATCGG,121.25,126.4,141,A,different_length_combo,36.0,0.6111111111111112,11.0,3.0,4.0,18.0,4.0,3.0,mild,mild
151AF,CGACGAGTAGGGAGGGAAAAAGGGAGGGACTGATCGG,110.05,125.1,151,A,different_length_combo,37.0,0.5945945945945946,12.0,3.0,4.0,18.0,4.0,3.0,mild,mild
112AF,CGACGAGTAGGGAGGGAGGGAAGGGACTGATCGG,92.7,91.035,112,A,different_length_combo,34.0,0.6470588235294118,9.0,3.0,4.0,18.0,4.0,3.0,mild,mild
113AF,CGACGAGTAGGGAGGGAGGGAAAGGGACTGATCGG,92.795,82.31,113,A,different_length_combo,35.0,0.6285714285714286,10.0,3.0,4.0,18.0,4.0,3.0,mild,mild
114AF,CGACGAGTAGGGAGGGAGGGAAAAGGGACTGATCGG,82.95,103.835,114,A,different_length_combo,36.0,0.6111111111111112,11.0,3.0,4.0,18.0,4.0,3.0,mild,mild
115AF,CGACGAGTAGGGAGGGAGGGAAAAAGGGACTGATCGG,72.78,118.35,115,A,different_length_combo,37.0,0.5945945945945946,12.0,3.0,4.0,18.0,4.0,3.0,weak,mild
222TF,CGACGAGTAGGGTTGGGTTGGGTTGGGACTGATCGG,72.175,129.45,222,T,same_nucleotide,36.0,0.6111111111111112,5.0,9.0,4.0,18.0,4.0,3.0,weak,mild
111TF,CGACGAGTAGGGTGGGTGGGTGGGACTGATCGG,136.3,171.7,111,T,same_nucleotide,33.0,0.6666666666666666,5.0,6.0,4.0,18.0,4.0,3.0,strong,strong
333TF,CGACGAGTAGGGTTTGGGTTTGGGTTTGGGACTGATCGG,74.1,160.65,333,T,same_nucleotide,39.0,0.5641025641025641,5.0,12.0,4.0,18.0,4.0,3.0,weak,strong
444TF,CGACGAGTAGGGTTTTGGGTTTTGGGTTTTGGGACTGATCGG,67.02,173.7,444,T,same_nucleotide,42.0,0.5238095238095238,5.0,15.0,4.0,18.0,4.0,3.0,weak,strong
555TF,CGACGAGTAGGGTTTTTGGGTTTTTGGGTTTTTGGGACTGATCGG,62.67,101.035,555,T,same_nucleotide,45.0,0.4888888888888889,5.0,18.0,4.0,18.0,4.0,3.0,weak,mild
L1A,CGACGAGTAGGGAGGGTGGGTGGGACTGATCGG,76.365,131.9,L1,A,point_mutation,33.0,0.6666666666666666,6.0,5.0,4.0,18.0,4.0,3.0,weak,mild
L2A,CGACGAGTAGGGTGGGAGGGTGGGACTGATCGG,112.95,134.05,L2,A,point_mutation,33.0,0.6666666666666666,6.0,5.0,4.0,18.0,4.0,3.0,mild,mild
L3A,CGACGAGTAGGGTGGGTGGGAGGGACTGATCGG,96.065,174.7,L3,A,point_mutation,33.0,0.6666666666666666,6.0,5.0,4.0,18.0,4.0,3.0,mild,strong
L1AA,CGACGAGTAGGGAAGGGTTGGGTTGGGACTGATCGG,82.95,133.3,L1,A,point_mutation,36.0,0.6111111111111112,7.0,7.0,4.0,18.0,4.0,3.0,mild,mild
L2AA,CGACGAGTAGGGTTGGGAAGGGTTGGGACTGATCGG,90.935,134.55,L2,A,point_mutation,36.0,0.6111111111111112,7.0,7.0,4.0,18.0,4.0,3.0,mild,mild
L3AA,CGACGAGTAGGGTTGGGTTGGGAAGGGACTGATCGG,89.105,87.68,L3,A,point_mutation,36.0,0.6111111111111112,7.0,7.0,4.0,18.0,4.0,3.0,mild,mild
L1AT,CGACGAGTAGGGATGGGTTGGGTTGGGACTGATCGG,74.91,147.55,L1,A,point_mutation,36.0,0.6111111111111112,6.0,8.0,4.0,18.0,4.0,3.0,weak,strong
L1TA,CGACGAGTAGGGTAGGGTTGGGTTGGGACTGATCGG,72.78,152.9,L1,T,point_mutation,36.0,0.6111111111111112,6.0,8.0,4.0,18.0,4.0,3.0,weak,strong
L2AT,CGACGAGTAGGGTTGGGATGGGTTGGGACTGATCGG,77.33,154.5,L2,A,point_mutation,36.0,0.6111111111111112,6.0,8.0,4.0,18.0,4.0,3.0,weak,strong
L2TA,CGACGAGTAGGGTTGGGTAGGGTTGGGACTGATCGG,64.225,147.1,L2,T,point_mutation,36.0,0.6111111111111112,6.0,8.0,4.0,18.0,4.0,3.0,weak,strong
L3AT,CGACGAGTAGGGTTGGGTTGGGATGGGACTGATCGG,81.5,135.1,L3,A,point_mutation,36.0,0.6111111111111112,6.0,8.0,4.0,18.0,4.0,3.0,mild,strong
L3TA,CGACGAGTAGGGTTGGGTTGGGTAGGGACTGATCGG,81.3,134.95,L3,T,point_mutation,36.0,0.6111111111111112,6.0,8.0,4.0,18.0,4.0,3.0,mild,mild
L1C,CGACGAGTAGGGCGGGTGGGTGGGACTGATCGG,96.035,152.7,L1,C,point_mutation,33.0,0.696969696969697,5.0,5.0,5.0,18.0,4.0,3.0,mild,strong
L2C,CGACGAGTAGGGTGGGCGGGTGGGACTGATCGG,92.7,146.65,L2,C,point_mutation,33.0,0.696969696969697,5.0,5.0,5.0,18.0,4.0,3.0,mild,strong
L3C,CGACGAGTAGGGTGGGTGGGCGGGACTGATCGG,92.795,158.05,L3,C,point_mutation,33.0,0.696969696969697,5.0,5.0,5.0,18.0,4.0,3.0,mild,strong
L1CC,CGACGAGTAGGGCCGGGTTGGGTTGGGACTGATCGG,115.88,88.965,L1,C,point_mutation,36.0,0.6666666666666666,5.0,7.0,6.0,18.0,4.0,3.0,mild,mild
L2CC,CGACGAGTAGGGTTGGGCCGGGTTGGGACTGATCGG,79.14,128.6,L2,C,point_mutation,36.0,0.6666666666666666,5.0,7.0,6.0,18.0,4.0,3.0,weak,mild
L3CC,CGACGAGTAGGGTTGGGTTGGGCCGGGACTGATCGG,86.55,83.5,L3,C,point_mutation,36.0,0.6666666666666666,5.0,7.0,6.0,18.0,4.0,3.0,mild,mild
L1CT,CGACGAGTAGGGCTGGGTTGGGTTGGGACTGATCGG,120.4,121.25,L1,C,point_mutation,36.0,0.6388888888888888,5.0,8.0,5.0,18.0,4.0,3.0,mild,mild
L1TC,CGACGAGTAGGGTCGGGTTGGGTTGGGACTGATCGG,117.81,137.4,L1,T,point_mutation,36.0,0.6388888888888888,5.0,8.0,5.0,18.0,4.0,3.0,mild,strong
L2CT,CGACGAGTAGGGTTGGGCTGGGTTGGGACTGATCGG,112.38,147.5,L2,C,point_mutation,36.0,0.6388888888888888,5.0,8.0,5.0,18.0,4.0,3.0,mild,strong
L2TC,CGACGAGTAGGGTTGGGTCGGGTTGGGACTGATCGG,111.105,116.45,L2,T,point_mutation,36.0,0.6388888888888888,5.0,8.0,5.0,18.0,4.0,3.0,mild,mild
L3CT,CGACGAGTAGGGTTGGGTTGGGCTGGGACTGATCGG,121.25,137.15,L3,C,point_mutation,36.0,0.6388888888888888,5.0,8.0,5.0,18.0,4.0,3.0,mild,strong
L3TC,CGACGAGTAGGGTTGGGTTGGGTCGGGACTGATCGG,110.05,109.5,L3,T,point_mutation,36.0,0.6388888888888888,5.0,8.0,5.0,18.0,4.0,3.0,mild,mild
221T,CGACGAGTAGGGTTGGGTTGGGTGGGACTGATCGG,80.295,143.7,221,T,different_length_combo,35.0,0.6285714285714286,5.0,8.0,4.0,18.0,4.0,3.0,mild,strong
122T,CGACGAGTAGGGTGGGTTGGGTTGGGACTGATCGG,90.07,147.35,122,T,different_length_combo,35.0,0.6285714285714286,5.0,8.0,4.0,18.0,4.0,3.0,mild,strong
331T,CGACGAGTAGGGTTTGGGTTTGGGTGGGACTGATCGG,78.14,133.9,331,T,different_length_combo,37.0,0.5945945945945946,5.0,10.0,4.0,18.0,4.0,3.0,weak,mild
313T,CGACGAGTAGGGTTTGGGTGGGTTTGGGACTGATCGG,79.895,120.55,313,T,different_length_combo,37.0,0.5945945945945946,5.0,10.0,4.0,18.0,4.0,3.0,weak,mild
133T,CGACGAGTAGGGTGGGTTTGGGTTTGGGACTGATCGG,72.785,100.845,133,T,different_length_combo,37.0,0.5945945945945946,5.0,10.0,4.0,18.0,4.0,3.0,weak,mild
441T,CGACGAGTAGGGTTTTGGGTTTTGGGTGGGACTGATCGG,69.97,115.75,441,T,different_length_combo,39.0,0.5641025641025641,5.0,12.0,4.0,18.0,4.0,3.0,weak,mild
414T,CGACGAGTAGGGTTTTGGGTGGGTTTTGGGACTGATCGG,77.755,121.05,414,T,different_length_combo,39.0,0.5641025641025641,5.0,12.0,4.0,18.0,4.0,3.0,weak,mild
144T,CGACGAGTAGGGTGGGTTTTGGGTTTTGGGACTGATCGG,75.49,107.95,144,T,different_length_combo,39.0,0.5641025641025641,5.0,12.0,4.0,18.0,4.0,3.0,weak,mild
551T,CGACGAGTAGGGTTTTTGGGTTTTTGGGTGGGACTGATCGG,74.57,110.95,551,T,different_length_combo,41.0,0.5365853658536586,5.0,14.0,4.0,18.0,4.0,3.0,weak,mild
515T,CGACGAGTAGGGTTTTTGGGTGGGTTTTTGGGACTGATCGG,65.445,109.85,515,T,different_length_combo,41.0,0.5365853658536586,5.0,14.0,4.0,18.0,4.0,3.0,weak,mild
155T,CGACGAGTAGGGTGGGTTTTTGGGTTTTTGGGACTGATCGG,66.355,172.4,155,T,different_length_combo,41.0,0.5365853658536586,5.0,14.0,4.0,18.0,4.0,3.0,weak,strong
221A,CGACGAGTAGGGAAGGGAAGGGAGGGACTGATCGG,139.75,93.91,221,A,different_length_combo,35.0,0.6285714285714286,10.0,3.0,4.0,18.0,4.0,3.0,strong,mild
122A,CGACGAGTAGGGAGGGAAGGGAAGGGACTGATCGG,86.165,93.91,122,A,different_length_combo,35.0,0.6285714285714286,10.0,3.0,4.0,18.0,4.0,3.0,mild,mild
331A,CGACGAGTAGGGAAAGGGAAAGGGAGGGACTGATCGG,181.55,151.75,331,A,different_length_combo,37.0,0.5945945945945946,12.0,3.0,4.0,18.0,4.0,3.0,strong,strong
313A,CGACGAGTAGGGAAAGGGAGGGAAAGGGACTGATCGG,133.3,116.84,313,A,different_length_combo,37.0,0.5945945945945946,12.0,3.0,4.0,18.0,4.0,3.0,mild,mild
133A,CGACGAGTAGGGAGGGAAAGGGAAAGGGACTGATCGG,91.61,96.04,133,A,different_length_combo,37.0,0.5945945945945946,12.0,3.0,4.0,18.0,4.0,3.0,mild,mild
441A,CGACGAGTAGGGAAAAGGGAAAAGGGAGGGACTGATCGG,192.4,205.5,441,A,different_length_combo,39.0,0.5641025641025641,14.0,3.0,4.0,18.0,4.0,3.0,strong,strong
414A,CGACGAGTAGGGAAAAGGGAGGGAAAAGGGACTGATCGG,146.55,116.845,414,A,different_length_combo,39.0,0.5641025641025641,14.0,3.0,4.0,18.0,4.0,3.0,strong,mild
144A,CGACGAGTAGGGAGGGAAAAGGGAAAAGGGACTGATCGG,126.2,107.36,144,A,different_length_combo,39.0,0.5641025641025641,14.0,3.0,4.0,18.0,4.0,3.0,mild,mild
551A,CGACGAGTAGGGAAAAAGGGAAAAAGGGAGGGACTGATCGG,114.39,107.275,551,A,different_length_combo,41.0,0.5365853658536586,16.0,3.0,4.0,18.0,4.0,3.0,mild,mild
515A,CGACGAGTAGGGAAAAAGGGAGGGAAAAAGGGACTGATCGG,109.6,112.775,515,A,different_length_combo,41.0,0.5365853658536586,16.0,3.0,4.0,18.0,4.0,3.0,mild,mild
155A,CGACGAGTAGGGAGGGAAAAAGGGAAAAAGGGACTGATCGG,104.135,100.23,155,A,different_length_combo,41.0,0.5365853658536586,16.0,3.0,4.0,18.0,4.0,3.0,mild,mild
RF_111C,CGACGAGGAGGGCGGGCGGGCGGGACTGATCGG,65.625,146.5,RF111,C,other,33.0,0.7878787878787878,5.0,2.0,7.0,19.0,4.0,3.0,weak,strong
RF_222C,CGACGAGGAGGGCCGGGCCGGGCCGGGACTGATCGG,58.76,70.515,RF222,C,other,36.0,0.8055555555555556,5.0,2.0,10.0,19.0,4.0,3.0,weak,weak
RF333C,CGACGAGGAGGGCCCGGGCCCGGGCCCGGGACTGATCGG,64.545,72.525,RF333,C,other,39.0,0.8205128205128205,5.0,2.0,13.0,19.0,4.0,3.0,weak,weak
